user_id,signup_date,country,plan_type
u_00001,2026-01-14,DE,pro
u_00002,2025-10-29,IN,free
u_00003,2026-01-24,CA,pro
u_00004,2026-04-12,DE,pro
u_00005,2026-01-10,DE,free
u_00006,2026-02-14,GB,free
u_00007,2025-10-20,US,pro
u_00008,2026-04-06,US,pro
u_00009,2026-01-14,US,free
u_00010,2025-12-26,US,free
u_00011,2025-09-28,US,pro
u_00012,2025-09-24,IN,free
u_00013,2026-02-11,DE,pro
u_00014,2025-10-06,US,free
u_00015,2026-01-29,US,free
u_00016,2025-12-31,US,pro
u_00017,2026-01-17,GB,free
u_00018,2026-01-13,GB,free
u_00019,2025-11-26,IN,free
u_00020,2025-12-17,US,free
u_00021,2025-11-28,IN,free
u_00022,2026-03-05,BR,free
u_00023,2026-04-25,US,free
u_00024,2026-01-29,DE,pro
u_00025,2025-09-03,CA,free
u_00026,2025-11-20,GB,free
u_00027,2026-03-20,GB,free
u_00028,2025-12-18,DE,pro
u_00029,2025-10-17,AU,pro
u_00030,2025-10-21,IN,free
u_00031,2026-04-06,IN,free
u_00032,2025-11-17,AU,free
u_00033,2025-10-05,BR,pro
u_00034,2026-02-28,AU,pro
u_00035,2026-04-05,AU,free
u_00036,2025-09-03,CA,pro
u_00037,2026-01-28,US,pro
u_00038,2026-03-09,DE,free
u_00039,2025-09-20,CA,free
u_00040,2026-02-27,GB,free
u_00041,2025-11-08,IN,free
u_00042,2025-09-19,US,pro
u_00043,2025-10-21,CA,free
u_00044,2025-10-01,DE,free
u_00045,2026-04-12,DE,free
u_00046,2025-10-19,GB,free
u_00047,2025-10-19,IN,free
u_00048,2025-11-03,DE,free
u_00049,2025-10-19,US,free
u_00050,2026-03-07,US,free
u_00051,2026-01-09,AU,free
u_00052,2026-03-03,US,free
u_00053,2025-08-26,US,free
u_00054,2026-02-22,CA,free
u_00055,2025-12-17,US,free
u_00056,2025-09-10,CA,free
u_00057,2026-03-07,GB,free
u_00058,2025-12-13,CA,free
u_00059,2026-04-06,GB,pro
u_00060,2026-02-13,DE,free
u_00061,2025-11-11,US,free
u_00062,2026-04-09,DE,pro
u_00063,2025-12-16,GB,free
u_00064,2026-01-28,IN,free
u_00065,2026-02-26,CA,pro
u_00066,2026-04-13,BR,pro
u_00067,2025-08-28,AU,free
u_00068,2026-04-18,US,free
u_00069,2026-01-27,IN,free
u_00070,2026-03-05,US,free
u_00071,2025-12-18,US,free
u_00072,2026-02-02,US,free
u_00073,2026-01-25,CA,free
u_00074,2026-01-06,CA,free
u_00075,2025-10-21,GB,pro
u_00076,2025-10-10,IN,free
u_00077,2025-11-06,US,free
u_00078,2026-04-19,US,free
u_00079,2025-11-03,US,free
u_00080,2026-03-23,US,free
u_00081,2025-10-03,GB,free
u_00082,2026-02-05,DE,free
u_00083,2025-11-14,CA,free
u_00084,2026-03-08,US,free
u_00085,2026-01-13,GB,free
u_00086,2025-12-16,US,free
u_00087,2026-04-25,IN,free
u_00088,2025-12-14,US,pro
u_00089,2026-03-04,CA,free
u_00090,2026-01-11,BR,free
u_00091,2026-04-23,CA,free
u_00092,2026-03-04,BR,free
u_00093,2025-09-18,US,pro
u_00094,2025-10-18,DE,free
u_00095,2025-12-02,CA,pro
u_00096,2025-09-21,DE,free
u_00097,2026-03-14,US,free
u_00098,2025-11-16,US,free
u_00099,2025-10-07,US,pro
u_00100,2025-10-19,DE,free
u_00101,2025-09-11,IN,free
u_00102,2026-04-13,DE,pro
u_00103,2026-01-22,US,free
u_00104,2026-03-10,IN,free
u_00105,2026-04-12,GB,free
u_00106,2025-10-09,GB,pro
u_00107,2025-10-03,US,free
u_00108,2025-09-24,DE,pro
u_00109,2025-10-19,US,pro
u_00110,2026-03-18,CA,free
u_00111,2025-09-26,IN,free
u_00112,2025-10-01,US,free
u_00113,2025-09-02,CA,free
u_00114,2026-02-04,US,pro
u_00115,2026-01-06,US,pro
u_00116,2026-03-05,GB,free
u_00117,2026-04-03,GB,free
u_00118,2025-11-24,AU,free
u_00119,2025-09-22,GB,free
u_00120,2025-10-21,CA,free
u_00121,2025-12-24,DE,free
u_00122,2025-09-02,CA,free
u_00123,2026-03-17,CA,free
u_00124,2025-11-21,CA,free
u_00125,2026-04-12,GB,free
u_00126,2026-03-13,US,free
u_00127,2026-02-21,IN,pro
u_00128,2026-01-28,AU,free
u_00129,2026-02-15,US,pro
u_00130,2026-04-18,GB,pro
u_00131,2026-01-29,US,free
u_00132,2025-12-19,BR,pro
u_00133,2025-09-03,US,free
u_00134,2025-12-12,US,free
u_00135,2025-09-23,GB,free
u_00136,2026-02-23,GB,free
u_00137,2025-12-09,IN,free
u_00138,2025-08-27,US,free
u_00139,2026-02-05,IN,free
u_00140,2025-12-12,US,free
u_00141,2025-11-15,IN,free
u_00142,2025-11-15,US,pro
u_00143,2026-03-25,US,free
u_00144,2025-12-25,DE,free
u_00145,2026-04-22,BR,pro
u_00146,2025-09-05,IN,free
u_00147,2025-09-08,CA,free
u_00148,2026-03-17,IN,free
u_00149,2026-03-30,US,free
u_00150,2025-12-13,BR,pro
u_00151,2025-10-08,GB,free
u_00152,2026-02-14,DE,pro
u_00153,2026-04-15,IN,free
u_00154,2025-11-16,DE,free
u_00155,2026-03-25,CA,free
u_00156,2026-03-10,GB,free
u_00157,2025-11-27,IN,free
u_00158,2026-02-24,US,pro
u_00159,2025-09-23,BR,pro
u_00160,2026-03-21,DE,free
u_00161,2026-01-18,US,pro
u_00162,2025-11-06,DE,pro
u_00163,2026-01-13,CA,free
u_00164,2025-09-25,DE,free
u_00165,2025-09-20,DE,free
u_00166,2026-03-23,US,free
u_00167,2025-10-16,CA,free
u_00168,2025-09-12,BR,free
u_00169,2026-01-16,US,pro
u_00170,2025-11-03,CA,free
u_00171,2025-10-03,GB,free
u_00172,2025-12-17,GB,pro
u_00173,2026-04-26,CA,pro
u_00174,2026-04-22,CA,free
u_00175,2025-09-21,US,pro
u_00176,2025-12-06,DE,free
u_00177,2026-01-14,US,free
u_00178,2026-03-31,US,free
u_00179,2025-12-11,US,free
u_00180,2025-10-02,US,free
u_00181,2026-04-12,GB,free
u_00182,2026-01-27,AU,free
u_00183,2026-03-16,DE,free
u_00184,2025-12-24,US,free
u_00185,2025-10-04,IN,pro
u_00186,2025-10-30,DE,free
u_00187,2026-02-23,GB,free
u_00188,2026-01-21,BR,free
u_00189,2025-09-08,BR,free
u_00190,2025-08-29,US,free
u_00191,2026-03-06,GB,pro
u_00192,2026-01-21,BR,free
u_00193,2025-12-16,DE,free
u_00194,2025-09-17,US,free
u_00195,2025-09-10,DE,free
u_00196,2025-11-27,IN,free
u_00197,2025-09-08,DE,free
u_00198,2025-09-02,DE,free
u_00199,2025-12-05,IN,free
u_00200,2025-11-07,US,free
u_00201,2026-03-29,US,free
u_00202,2026-03-22,AU,pro
u_00203,2026-04-14,IN,pro
u_00204,2025-11-18,US,pro
u_00205,2026-02-15,CA,free
u_00206,2025-10-22,DE,free
u_00207,2025-08-27,GB,free
u_00208,2026-01-31,DE,free
u_00209,2026-03-30,IN,free
u_00210,2026-02-20,AU,free
u_00211,2025-11-08,CA,free
u_00212,2026-03-13,GB,pro
u_00213,2026-02-24,CA,free
u_00214,2025-10-24,GB,free
u_00215,2025-08-25,GB,free
u_00216,2025-12-14,CA,pro
u_00217,2026-03-30,US,free
u_00218,2026-03-30,US,free
u_00219,2026-01-09,CA,free
u_00220,2026-03-14,GB,free
u_00221,2026-02-02,US,free
u_00222,2026-03-28,DE,pro
u_00223,2025-10-19,DE,free
u_00224,2026-02-11,US,free
u_00225,2025-12-20,IN,free
u_00226,2026-01-25,GB,free
u_00227,2025-09-22,DE,free
u_00228,2025-09-08,CA,free
u_00229,2025-10-19,BR,free
u_00230,2025-09-14,DE,free
u_00231,2025-12-19,DE,free
u_00232,2025-12-27,DE,free
u_00233,2026-03-31,US,free
u_00234,2025-10-19,US,pro
u_00235,2025-12-27,DE,free
u_00236,2026-01-01,GB,free
u_00237,2025-10-04,DE,pro
u_00238,2025-09-06,US,free
u_00239,2026-04-24,CA,pro
u_00240,2026-01-14,GB,free
u_00241,2025-10-11,GB,pro
u_00242,2025-10-09,AU,free
u_00243,2025-11-23,CA,free
u_00244,2025-12-11,CA,free
u_00245,2026-02-24,GB,pro
u_00246,2025-11-13,GB,pro
u_00247,2025-09-14,DE,free
u_00248,2026-03-07,US,free
u_00249,2025-09-05,CA,pro
u_00250,2025-11-06,CA,free
u_00251,2025-11-26,DE,pro
u_00252,2025-10-02,CA,pro
u_00253,2026-02-27,IN,free
u_00254,2025-12-30,BR,free
u_00255,2025-11-18,US,free
u_00256,2026-01-21,US,free
u_00257,2025-09-23,GB,pro
u_00258,2025-09-06,US,free
u_00259,2025-10-29,AU,pro
u_00260,2026-01-04,IN,free
u_00261,2026-02-24,US,pro
u_00262,2025-08-29,US,free
u_00263,2025-10-23,US,free
u_00264,2026-03-06,DE,free
u_00265,2026-04-15,CA,pro
u_00266,2026-03-19,US,free
u_00267,2025-12-18,IN,pro
u_00268,2025-12-17,DE,free
u_00269,2026-01-04,US,free
u_00270,2026-01-16,AU,free
u_00271,2026-01-04,DE,free
u_00272,2025-10-25,GB,free
u_00273,2026-02-05,US,pro
u_00274,2025-10-22,US,pro
u_00275,2026-01-04,US,pro
u_00276,2026-04-25,IN,pro
u_00277,2025-12-18,IN,free
u_00278,2025-09-19,US,free
u_00279,2026-03-04,US,free
u_00280,2026-01-30,US,pro
u_00281,2025-09-10,US,free
u_00282,2025-09-15,IN,free
u_00283,2025-09-14,US,free
u_00284,2025-12-19,US,free
u_00285,2025-12-01,US,pro
u_00286,2025-12-22,AU,pro
u_00287,2025-12-18,GB,free
u_00288,2026-03-05,DE,pro
u_00289,2025-11-06,US,free
u_00290,2025-09-21,DE,free
u_00291,2025-11-18,AU,free
u_00292,2025-10-11,US,free
u_00293,2025-11-18,GB,free
u_00294,2026-02-18,IN,pro
u_00295,2025-10-26,BR,free
u_00296,2025-10-06,GB,pro
u_00297,2025-10-25,GB,free
u_00298,2025-12-25,IN,free
u_00299,2025-12-03,CA,free
u_00300,2026-03-20,US,free
u_00301,2026-04-03,IN,free
u_00302,2026-02-17,US,pro
u_00303,2026-01-01,CA,free
u_00304,2026-01-19,US,free
u_00305,2025-10-11,US,free
u_00306,2025-09-25,US,free
u_00307,2025-12-09,DE,free
u_00308,2025-08-30,US,free
u_00309,2025-12-04,US,free
u_00310,2026-01-20,US,free
u_00311,2025-10-08,CA,free
u_00312,2025-12-24,BR,free
u_00313,2025-10-22,GB,free
u_00314,2026-02-16,CA,free
u_00315,2025-10-01,IN,pro
u_00316,2026-01-24,CA,free
u_00317,2026-04-24,US,free
u_00318,2025-11-30,US,free
u_00319,2025-10-22,US,pro
u_00320,2025-11-14,GB,free
u_00321,2025-12-01,GB,free
u_00322,2026-01-27,DE,pro
u_00323,2025-10-14,US,free
u_00324,2025-12-01,GB,free
u_00325,2025-11-30,AU,free
u_00326,2026-01-21,GB,free
u_00327,2025-10-10,IN,pro
u_00328,2026-03-06,CA,pro
u_00329,2025-09-06,US,free
u_00330,2025-11-17,DE,free
u_00331,2025-11-10,CA,free
u_00332,2025-12-20,CA,free
u_00333,2026-03-19,GB,pro
u_00334,2026-02-04,GB,free
u_00335,2026-01-13,DE,free
u_00336,2025-12-19,US,pro
u_00337,2026-04-16,US,free
u_00338,2025-09-19,US,free
u_00339,2025-10-24,DE,free
u_00340,2025-09-22,US,pro
u_00341,2025-10-31,IN,free
u_00342,2025-11-27,CA,free
u_00343,2025-11-19,IN,free
u_00344,2025-09-17,BR,free
u_00345,2026-03-16,IN,pro
u_00346,2026-01-18,IN,pro
u_00347,2026-04-20,GB,free
u_00348,2025-12-04,CA,free
u_00349,2026-01-27,US,free
u_00350,2026-01-05,US,free
u_00351,2025-08-26,CA,free
u_00352,2026-02-26,CA,pro
u_00353,2026-01-04,US,free
u_00354,2026-04-25,CA,free
u_00355,2025-12-19,IN,free
u_00356,2026-03-10,CA,pro
u_00357,2025-12-08,DE,pro
u_00358,2025-10-12,IN,pro
u_00359,2026-03-21,BR,free
u_00360,2025-11-18,AU,free
u_00361,2026-04-18,IN,pro
u_00362,2025-09-06,BR,free
u_00363,2026-01-18,BR,free
u_00364,2025-12-01,US,pro
u_00365,2026-03-10,GB,pro
u_00366,2025-10-01,US,free
u_00367,2025-12-17,US,free
u_00368,2025-11-30,AU,free
u_00369,2025-11-26,DE,free
u_00370,2026-03-04,IN,free
u_00371,2025-12-28,US,pro
u_00372,2025-11-17,IN,pro
u_00373,2025-11-26,AU,pro
u_00374,2026-01-01,DE,free
u_00375,2026-02-11,IN,pro
u_00376,2026-01-04,AU,pro
u_00377,2025-10-09,US,free
u_00378,2025-11-14,IN,pro
u_00379,2025-11-12,GB,pro
u_00380,2026-01-13,US,free
u_00381,2026-02-02,IN,free
u_00382,2025-09-12,US,free
u_00383,2026-01-05,DE,free
u_00384,2025-09-22,GB,free
u_00385,2026-01-18,IN,pro
u_00386,2025-11-25,US,free
u_00387,2026-01-24,BR,free
u_00388,2025-12-02,DE,free
u_00389,2025-12-20,US,free
u_00390,2026-01-07,CA,free
u_00391,2026-02-04,BR,free
u_00392,2025-10-15,GB,free
u_00393,2026-03-04,US,free
u_00394,2025-11-15,GB,free
u_00395,2025-10-01,CA,free
u_00396,2025-10-20,DE,pro
u_00397,2025-11-09,DE,free
u_00398,2025-09-11,GB,pro
u_00399,2025-11-17,US,free
u_00400,2026-02-18,AU,free
u_00401,2026-03-25,GB,pro
u_00402,2025-12-06,US,free
u_00403,2026-04-06,IN,free
u_00404,2026-03-10,DE,free
u_00405,2025-11-30,DE,free
u_00406,2025-12-20,IN,free
u_00407,2025-12-12,CA,free
u_00408,2025-12-13,IN,free
u_00409,2025-10-14,GB,free
u_00410,2025-12-03,US,free
u_00411,2025-12-20,GB,pro
u_00412,2026-03-25,GB,pro
u_00413,2025-11-02,DE,free
u_00414,2025-10-05,US,pro
u_00415,2025-10-22,US,free
u_00416,2026-01-02,US,free
u_00417,2025-09-25,US,free
u_00418,2025-12-29,DE,pro
u_00419,2026-04-05,US,free
u_00420,2025-09-01,AU,free
u_00421,2025-11-20,GB,free
u_00422,2026-03-20,CA,pro
u_00423,2025-09-09,IN,pro
u_00424,2026-01-08,GB,pro
u_00425,2026-03-07,DE,free
u_00426,2025-10-27,GB,free
u_00427,2026-04-19,GB,free
u_00428,2026-03-31,BR,free
u_00429,2026-03-31,US,free
u_00430,2025-09-13,US,free
u_00431,2026-04-06,DE,pro
u_00432,2026-03-28,US,pro
u_00433,2026-01-20,IN,pro
u_00434,2026-03-30,GB,pro
u_00435,2026-01-06,IN,free
u_00436,2025-10-17,DE,free
u_00437,2025-09-14,AU,pro
u_00438,2025-10-12,BR,free
u_00439,2026-02-25,GB,pro
u_00440,2026-03-10,BR,free
u_00441,2025-12-01,US,free
u_00442,2026-04-23,GB,free
u_00443,2026-03-23,US,pro
u_00444,2025-10-17,CA,pro
u_00445,2026-03-09,US,free
u_00446,2026-04-10,IN,pro
u_00447,2025-11-06,IN,free
u_00448,2025-09-19,BR,free
u_00449,2025-11-20,US,free
u_00450,2025-09-18,AU,free
u_00451,2026-03-12,GB,free
u_00452,2025-12-31,US,pro
u_00453,2026-04-21,GB,pro
u_00454,2026-01-18,GB,free
u_00455,2025-12-24,DE,free
u_00456,2025-09-06,CA,pro
u_00457,2026-03-21,GB,pro
u_00458,2026-04-03,US,pro
u_00459,2026-01-24,US,free
u_00460,2025-08-29,US,free
u_00461,2026-03-12,BR,free
u_00462,2025-10-28,US,free
u_00463,2026-01-22,US,free
u_00464,2026-01-18,US,pro
u_00465,2025-10-21,IN,free
u_00466,2025-09-14,BR,free
u_00467,2026-01-01,DE,free
u_00468,2025-10-18,DE,free
u_00469,2025-09-26,CA,free
u_00470,2025-11-18,US,free
u_00471,2025-09-24,BR,free
u_00472,2025-11-17,DE,pro
u_00473,2026-02-19,AU,pro
u_00474,2025-12-20,DE,free
u_00475,2026-04-09,DE,free
u_00476,2026-04-02,AU,pro
u_00477,2025-09-05,BR,free
u_00478,2025-09-16,IN,free
u_00479,2026-03-04,AU,pro
u_00480,2026-02-28,DE,free
u_00481,2026-02-19,US,free
u_00482,2026-01-13,AU,free
u_00483,2025-11-04,US,free
u_00484,2026-04-03,CA,free
u_00485,2026-01-03,BR,pro
u_00486,2026-03-26,CA,free
u_00487,2025-11-03,GB,free
u_00488,2026-01-31,US,pro
u_00489,2025-11-27,US,free
u_00490,2025-10-15,DE,free
u_00491,2025-12-21,US,pro
u_00492,2025-11-23,US,free
u_00493,2025-09-05,GB,pro
u_00494,2025-12-18,DE,pro
u_00495,2025-09-21,DE,free
u_00496,2026-04-10,US,free
u_00497,2026-01-13,GB,pro
u_00498,2025-11-17,CA,free
u_00499,2025-12-11,AU,pro
u_00500,2026-03-15,AU,free
u_00501,2025-11-02,GB,free
u_00502,2026-03-19,CA,free
u_00503,2025-09-18,GB,pro
u_00504,2025-11-08,IN,pro
u_00505,2026-04-01,CA,free
u_00506,2026-01-18,GB,free
u_00507,2026-03-08,GB,pro
u_00508,2025-11-25,CA,free
u_00509,2025-11-26,IN,free
u_00510,2026-04-14,CA,free
u_00511,2026-02-26,AU,free
u_00512,2025-12-13,DE,pro
u_00513,2026-03-01,CA,free
u_00514,2026-03-22,GB,free
u_00515,2025-11-05,IN,free
u_00516,2026-04-07,GB,pro
u_00517,2026-02-21,GB,free
u_00518,2026-04-19,BR,free
u_00519,2025-09-01,US,free
u_00520,2025-12-04,US,pro
u_00521,2025-12-06,GB,free
u_00522,2025-10-05,BR,free
u_00523,2026-01-02,US,free
u_00524,2025-09-24,US,free
u_00525,2025-12-05,US,free
u_00526,2026-01-25,US,pro
u_00527,2026-01-19,US,free
u_00528,2026-02-20,GB,pro
u_00529,2026-03-26,CA,free
u_00530,2025-09-24,US,pro
u_00531,2025-10-18,GB,free
u_00532,2026-01-31,US,free
u_00533,2026-03-07,US,pro
u_00534,2025-11-25,CA,pro
u_00535,2025-10-23,DE,free
u_00536,2026-02-23,US,free
u_00537,2025-10-19,GB,pro
u_00538,2025-12-23,US,free
u_00539,2025-11-28,IN,pro
u_00540,2026-02-28,DE,pro
u_00541,2026-02-28,CA,free
u_00542,2026-01-31,US,free
u_00543,2026-03-09,IN,free
u_00544,2025-10-29,US,free
u_00545,2025-11-08,US,free
u_00546,2026-02-16,GB,pro
u_00547,2026-04-12,US,free
u_00548,2026-03-04,BR,pro
u_00549,2025-09-04,DE,free
u_00550,2025-10-21,US,free
u_00551,2026-01-16,CA,free
u_00552,2025-09-14,BR,free
u_00553,2026-04-19,IN,free
u_00554,2026-03-05,AU,free
u_00555,2026-02-26,IN,pro
u_00556,2025-09-03,BR,free
u_00557,2026-01-09,DE,free
u_00558,2026-04-22,US,free
u_00559,2026-01-14,GB,free
u_00560,2025-10-13,IN,free
u_00561,2026-04-21,US,free
u_00562,2026-01-08,IN,free
u_00563,2025-09-15,US,free
u_00564,2026-01-01,US,free
u_00565,2026-01-23,GB,pro
u_00566,2026-03-11,US,free
u_00567,2026-01-18,BR,free
u_00568,2026-03-03,IN,free
u_00569,2025-11-10,IN,free
u_00570,2026-03-06,AU,pro
u_00571,2025-12-04,US,free
u_00572,2026-04-14,CA,free
u_00573,2026-01-03,CA,free
u_00574,2025-12-24,CA,free
u_00575,2026-01-11,US,free
u_00576,2025-11-20,CA,free
u_00577,2025-12-01,GB,pro
u_00578,2025-12-03,BR,free
u_00579,2025-12-28,IN,free
u_00580,2026-02-23,GB,free
u_00581,2026-04-08,AU,free
u_00582,2026-01-25,DE,free
u_00583,2026-02-28,US,pro
u_00584,2025-10-26,IN,pro
u_00585,2026-01-27,IN,free
u_00586,2025-09-10,GB,pro
u_00587,2025-09-21,GB,pro
u_00588,2025-12-31,US,pro
u_00589,2026-02-24,GB,free
u_00590,2026-04-04,US,pro
u_00591,2025-12-21,IN,free
u_00592,2025-12-11,US,pro
u_00593,2025-12-08,US,free
u_00594,2025-08-25,BR,free
u_00595,2025-12-19,DE,pro
u_00596,2026-02-28,US,free
u_00597,2025-12-26,US,pro
u_00598,2026-04-26,US,pro
u_00599,2025-08-31,DE,free
u_00600,2026-03-24,US,free
u_00601,2026-01-21,CA,free
u_00602,2025-12-22,BR,free
u_00603,2025-12-30,US,free
u_00604,2026-03-10,IN,pro
u_00605,2026-01-28,BR,free
u_00606,2025-09-07,US,free
u_00607,2025-09-02,IN,pro
u_00608,2025-12-31,CA,free
u_00609,2025-12-19,IN,free
u_00610,2026-04-11,CA,pro
u_00611,2025-10-20,AU,free
u_00612,2025-09-08,CA,pro
u_00613,2025-10-17,IN,pro
u_00614,2025-10-18,DE,pro
u_00615,2026-02-17,CA,free
u_00616,2026-04-05,IN,free
u_00617,2026-01-24,US,free
u_00618,2025-10-14,US,pro
u_00619,2026-02-10,US,pro
u_00620,2025-11-24,US,free
u_00621,2025-12-04,US,free
u_00622,2025-10-30,BR,free
u_00623,2025-09-10,US,free
u_00624,2026-01-31,DE,pro
u_00625,2025-10-24,US,free
u_00626,2026-03-29,IN,pro
u_00627,2025-10-03,BR,pro
u_00628,2025-09-19,GB,free
u_00629,2026-02-17,IN,free
u_00630,2026-03-11,US,free
u_00631,2025-08-29,IN,free
u_00632,2026-01-23,US,pro
u_00633,2025-09-01,IN,pro
u_00634,2025-10-19,US,pro
u_00635,2025-08-26,CA,free
u_00636,2025-10-12,DE,free
u_00637,2025-10-05,US,pro
u_00638,2025-12-04,US,free
u_00639,2025-09-21,US,free
u_00640,2025-09-21,US,free
u_00641,2025-11-02,CA,free
u_00642,2026-02-01,US,free
u_00643,2026-03-19,GB,free
u_00644,2026-01-17,US,pro
u_00645,2026-03-25,IN,free
u_00646,2025-09-17,US,free
u_00647,2026-01-16,US,free
u_00648,2026-04-04,US,pro
u_00649,2026-04-17,GB,free
u_00650,2026-02-17,IN,free
u_00651,2026-01-17,GB,free
u_00652,2026-03-24,US,pro
u_00653,2025-10-29,DE,free
u_00654,2025-09-16,DE,pro
u_00655,2025-12-10,US,pro
u_00656,2025-12-01,DE,free
u_00657,2025-10-23,BR,pro
u_00658,2026-01-21,US,free
u_00659,2026-04-26,DE,pro
u_00660,2026-02-17,DE,free
u_00661,2025-09-02,GB,pro
u_00662,2026-04-23,US,free
u_00663,2026-04-11,US,free
u_00664,2026-04-03,IN,free
u_00665,2026-02-06,BR,free
u_00666,2026-04-25,AU,free
u_00667,2025-08-29,GB,free
u_00668,2025-09-19,AU,free
u_00669,2025-12-20,CA,free
u_00670,2025-11-18,GB,pro
u_00671,2025-09-20,US,free
u_00672,2026-02-02,IN,free
u_00673,2025-11-26,GB,free
u_00674,2025-12-08,IN,free
u_00675,2025-10-31,US,pro
u_00676,2025-11-15,US,free
u_00677,2025-12-24,US,pro
u_00678,2026-03-25,GB,pro
u_00679,2025-11-17,BR,pro
u_00680,2025-10-20,US,free
u_00681,2025-10-30,IN,pro
u_00682,2025-11-07,CA,pro
u_00683,2026-01-16,IN,free
u_00684,2026-04-15,US,free
u_00685,2026-02-19,IN,free
u_00686,2026-02-21,DE,free
u_00687,2025-11-17,US,free
u_00688,2025-11-10,US,free
u_00689,2026-02-12,IN,free
u_00690,2026-03-15,BR,free
u_00691,2026-03-14,US,free
u_00692,2026-03-29,DE,free
u_00693,2025-12-07,IN,free
u_00694,2026-04-15,IN,free
u_00695,2026-01-22,BR,free
u_00696,2026-03-12,DE,pro
u_00697,2025-12-18,GB,free
u_00698,2025-08-27,US,free
u_00699,2025-08-28,US,pro
u_00700,2026-03-23,DE,free
u_00701,2025-09-24,DE,free
u_00702,2026-02-05,US,pro
u_00703,2026-01-27,IN,pro
u_00704,2026-04-19,DE,free
u_00705,2026-01-24,CA,free
u_00706,2025-11-24,GB,pro
u_00707,2025-10-07,CA,free
u_00708,2026-01-27,US,free
u_00709,2025-11-16,US,pro
u_00710,2026-01-02,US,free
u_00711,2026-01-12,US,free
u_00712,2025-12-13,GB,free
u_00713,2025-10-13,CA,pro
u_00714,2026-02-28,US,free
u_00715,2025-08-25,DE,free
u_00716,2026-01-03,US,free
u_00717,2025-09-02,IN,free
u_00718,2026-02-11,BR,free
u_00719,2025-11-21,US,pro
u_00720,2025-12-28,GB,free
u_00721,2025-11-14,US,free
u_00722,2025-09-22,CA,pro
u_00723,2026-04-06,AU,free
u_00724,2025-11-14,US,pro
u_00725,2025-12-10,CA,free
u_00726,2026-01-16,US,free
u_00727,2025-10-08,US,free
u_00728,2025-11-26,AU,pro
u_00729,2025-10-17,US,free
u_00730,2025-09-12,CA,free
u_00731,2025-11-01,GB,free
u_00732,2026-01-18,BR,free
u_00733,2025-08-30,US,free
u_00734,2026-03-22,GB,pro
u_00735,2025-09-29,DE,free
u_00736,2025-08-29,GB,pro
u_00737,2025-09-08,BR,free
u_00738,2026-01-21,DE,free
u_00739,2025-11-26,AU,free
u_00740,2025-11-27,DE,free
u_00741,2025-10-19,BR,pro
u_00742,2025-09-15,IN,pro
u_00743,2026-03-21,DE,free
u_00744,2026-04-15,DE,free
u_00745,2026-01-04,US,free
u_00746,2025-10-26,US,pro
u_00747,2026-04-14,CA,free
u_00748,2026-04-04,US,free
u_00749,2025-09-22,GB,pro
u_00750,2026-01-18,US,free
u_00751,2026-01-12,US,free
u_00752,2026-03-28,DE,free
u_00753,2026-04-10,BR,pro
u_00754,2026-01-04,US,free
u_00755,2026-02-24,CA,free
u_00756,2026-02-02,IN,free
u_00757,2026-01-05,US,free
u_00758,2025-09-22,IN,free
u_00759,2026-01-31,GB,free
u_00760,2025-12-07,US,free
u_00761,2025-10-22,BR,free
u_00762,2026-04-08,US,free
u_00763,2025-11-01,DE,free
u_00764,2026-01-17,IN,pro
u_00765,2025-12-08,US,free
u_00766,2025-10-20,AU,pro
u_00767,2025-09-06,BR,pro
u_00768,2025-12-01,US,free
u_00769,2026-02-10,IN,free
u_00770,2026-04-18,CA,free
u_00771,2025-10-10,AU,free
u_00772,2026-03-30,AU,free
u_00773,2025-10-03,US,free
u_00774,2025-09-16,BR,free
u_00775,2025-12-20,BR,pro
u_00776,2026-03-06,AU,free
u_00777,2026-02-03,DE,pro
u_00778,2026-01-06,AU,free
u_00779,2025-12-04,GB,pro
u_00780,2025-12-31,AU,free
u_00781,2026-02-17,CA,free
u_00782,2026-01-18,CA,free
u_00783,2025-12-08,DE,free
u_00784,2026-04-02,GB,free
u_00785,2025-10-29,US,pro
u_00786,2025-12-25,US,free
u_00787,2025-09-26,GB,free
u_00788,2025-09-11,DE,pro
u_00789,2026-03-05,CA,pro
u_00790,2025-11-27,AU,free
u_00791,2025-12-04,GB,free
u_00792,2026-03-01,AU,free
u_00793,2026-03-19,US,free
u_00794,2026-01-08,GB,pro
u_00795,2025-10-28,DE,pro
u_00796,2026-03-16,IN,pro
u_00797,2025-10-23,GB,pro
u_00798,2025-11-11,US,free
u_00799,2025-12-06,US,pro
u_00800,2025-09-16,US,pro
u_00801,2025-12-26,AU,free
u_00802,2025-12-15,US,pro
u_00803,2025-11-15,CA,free
u_00804,2025-09-24,GB,free
u_00805,2025-09-18,US,pro
u_00806,2025-09-04,GB,free
u_00807,2026-02-11,US,free
u_00808,2025-12-02,GB,free
u_00809,2025-08-31,US,free
u_00810,2026-02-10,IN,pro
u_00811,2026-04-18,US,free
u_00812,2026-02-12,BR,free
u_00813,2025-10-23,GB,pro
u_00814,2025-09-03,IN,free
u_00815,2025-12-03,AU,free
u_00816,2025-09-09,DE,free
u_00817,2026-04-20,DE,pro
u_00818,2025-11-04,CA,free
u_00819,2025-12-07,CA,free
u_00820,2025-11-10,CA,free
u_00821,2025-11-08,CA,free
u_00822,2025-12-11,US,free
u_00823,2025-10-31,GB,free
u_00824,2026-03-31,AU,free
u_00825,2025-12-26,CA,pro
u_00826,2025-10-15,DE,free
u_00827,2026-04-22,AU,pro
u_00828,2026-03-29,BR,pro
u_00829,2025-11-13,US,pro
u_00830,2025-11-12,GB,free
u_00831,2026-02-03,GB,free
u_00832,2025-12-12,GB,free
u_00833,2025-08-30,IN,free
u_00834,2026-01-08,US,free
u_00835,2026-02-21,DE,pro
u_00836,2026-01-31,GB,pro
u_00837,2025-08-26,AU,free
u_00838,2025-12-03,AU,free
u_00839,2026-02-15,GB,pro
u_00840,2025-09-22,CA,free
u_00841,2026-03-13,GB,free
u_00842,2025-12-16,US,pro
u_00843,2026-03-22,GB,free
u_00844,2026-02-16,US,free
u_00845,2025-11-19,GB,free
u_00846,2026-04-08,CA,pro
u_00847,2025-10-20,CA,free
u_00848,2026-01-09,AU,free
u_00849,2025-10-27,US,free
u_00850,2025-11-11,AU,free
u_00851,2026-01-26,US,free
u_00852,2025-10-07,GB,pro
u_00853,2026-01-27,IN,free
u_00854,2026-04-08,US,pro
u_00855,2026-03-19,CA,free
u_00856,2025-12-22,CA,free
u_00857,2025-10-14,GB,free
u_00858,2025-11-05,US,free
u_00859,2025-12-07,US,free
u_00860,2025-08-28,IN,free
u_00861,2025-09-19,GB,free
u_00862,2025-12-22,US,free
u_00863,2026-02-28,GB,free
u_00864,2025-11-30,AU,pro
u_00865,2025-09-19,US,pro
u_00866,2025-10-09,GB,free
u_00867,2026-02-25,CA,free
u_00868,2025-12-21,BR,free
u_00869,2026-01-12,US,free
u_00870,2025-11-11,GB,free
u_00871,2026-04-26,GB,pro
u_00872,2025-12-17,AU,free
u_00873,2025-10-04,GB,free
u_00874,2026-01-25,CA,pro
u_00875,2025-10-19,DE,free
u_00876,2025-10-18,DE,pro
u_00877,2026-01-04,GB,free
u_00878,2025-11-25,IN,free
u_00879,2026-03-02,CA,free
u_00880,2025-11-17,CA,free
u_00881,2025-11-12,US,pro
u_00882,2025-12-31,BR,free
u_00883,2025-12-14,US,pro
u_00884,2026-02-28,US,free
u_00885,2026-03-14,US,free
u_00886,2025-11-05,AU,free
u_00887,2025-11-18,US,free
u_00888,2025-11-05,US,pro
u_00889,2026-02-25,US,free
u_00890,2026-03-11,US,free
u_00891,2025-11-29,CA,free
u_00892,2026-02-06,DE,free
u_00893,2025-12-30,GB,free
u_00894,2025-09-26,GB,free
u_00895,2025-10-06,DE,pro
u_00896,2025-09-10,US,free
u_00897,2025-11-14,US,free
u_00898,2025-09-12,BR,free
u_00899,2025-12-01,CA,free
u_00900,2026-04-07,US,pro
u_00901,2025-10-24,CA,free
u_00902,2025-12-02,US,free
u_00903,2026-03-11,CA,free
u_00904,2025-09-06,US,free
u_00905,2026-03-09,US,free
u_00906,2026-04-13,US,pro
u_00907,2025-12-05,BR,pro
u_00908,2025-11-19,DE,pro
u_00909,2026-04-26,US,free
u_00910,2025-12-31,US,free
u_00911,2026-03-04,DE,free
u_00912,2025-12-30,US,free
u_00913,2026-04-24,US,pro
u_00914,2025-12-04,BR,free
u_00915,2025-09-24,US,pro
u_00916,2025-10-24,AU,pro
u_00917,2025-10-06,BR,free
u_00918,2026-04-15,GB,free
u_00919,2026-02-12,US,free
u_00920,2025-09-15,US,free
u_00921,2026-04-11,IN,pro
u_00922,2025-10-09,IN,free
u_00923,2026-01-15,DE,free
u_00924,2025-10-05,US,free
u_00925,2025-11-26,DE,pro
u_00926,2025-11-22,IN,free
u_00927,2025-12-31,AU,pro
u_00928,2026-04-19,BR,free
u_00929,2025-12-26,IN,pro
u_00930,2026-01-25,AU,pro
u_00931,2025-11-14,CA,free
u_00932,2026-01-27,US,free
u_00933,2025-12-12,US,pro
u_00934,2025-10-23,AU,free
u_00935,2026-02-26,US,pro
u_00936,2025-10-31,IN,free
u_00937,2026-03-30,BR,pro
u_00938,2025-09-19,DE,pro
u_00939,2026-01-16,US,pro
u_00940,2026-03-17,US,free
u_00941,2025-09-11,US,free
u_00942,2025-10-17,AU,free
u_00943,2025-11-23,DE,free
u_00944,2025-10-18,BR,free
u_00945,2025-12-03,GB,free
u_00946,2025-10-08,IN,pro
u_00947,2025-11-17,IN,free
u_00948,2025-08-25,US,free
u_00949,2025-09-27,IN,free
u_00950,2025-10-04,GB,free
u_00951,2025-09-19,US,free
u_00952,2025-08-30,AU,pro
u_00953,2025-11-21,US,pro
u_00954,2025-12-07,AU,free
u_00955,2026-03-12,AU,free
u_00956,2026-03-23,CA,pro
u_00957,2025-12-14,GB,free
u_00958,2026-02-04,CA,free
u_00959,2026-01-02,CA,free
u_00960,2025-10-12,CA,free
u_00961,2026-03-11,GB,free
u_00962,2025-11-25,US,free
u_00963,2025-10-15,CA,free
u_00964,2026-04-17,US,pro
u_00965,2026-03-02,AU,free
u_00966,2026-03-28,DE,pro
u_00967,2025-08-28,CA,pro
u_00968,2026-01-08,CA,free
u_00969,2026-04-22,BR,free
u_00970,2025-12-29,IN,free
u_00971,2026-03-25,IN,free
u_00972,2025-12-30,IN,pro
u_00973,2026-02-21,US,free
u_00974,2025-12-02,US,pro
u_00975,2025-09-15,CA,free
u_00976,2025-08-31,US,free
u_00977,2025-11-01,GB,free
u_00978,2026-04-16,GB,free
u_00979,2026-02-01,CA,free
u_00980,2026-04-01,DE,free
u_00981,2026-02-23,DE,free
u_00982,2025-09-22,CA,free
u_00983,2026-01-31,IN,pro
u_00984,2026-02-27,GB,free
u_00985,2026-03-31,IN,pro
u_00986,2025-11-01,US,pro
u_00987,2025-10-04,BR,pro
u_00988,2025-11-17,AU,free
u_00989,2026-01-19,GB,pro
u_00990,2026-01-12,US,free
u_00991,2026-01-18,GB,free
u_00992,2025-12-19,US,free
u_00993,2025-11-29,US,pro
u_00994,2025-08-30,AU,free
u_00995,2026-03-03,CA,pro
u_00996,2026-04-21,AU,free
u_00997,2025-09-19,BR,pro
u_00998,2025-09-30,CA,pro
u_00999,2025-10-12,CA,free
u_01000,2026-01-22,US,pro
